{"cameraMode":{"drawMode":0,"name":"Shaded","section":"Shading Mode"},"sceneLighting":false,"audioPlay":false,"sceneViewState":{"showFog":true,"showMaterialUpdate":false,"showSkybox":false,"showFlares":true,"showImageEffects":true,"showParticleSystems":true},"in2DMode":false,"pivot":{"x":0.5,"y":0.0099945068359375,"z":4.500000476837158},"rotation":{"x":0.08764051645994187,"y":0.9063115119934082,"z":-0.23219986259937287,"w":0.34206995368003847},"size":2.3334522247314455,"orthographic":false}